{
  "custom.r1": {
    "sounds": [
      "custom/r1"
    ]
  },
  "custom.r2": {
    "sounds": [
      "custom/r2"
    ]
  },
  "custom.r3": {
    "sounds": [
      "custom/r3"
    ]
  },
  "custom.r4": {
    "sounds": [
      "custom/r4"
    ]
  },
  "custom.r5": {
    "sounds": [
      "custom/r5"
    ]
  },
  "custom.flash": {
    "sounds": [
      "custom/flash"
    ]
  },
  "custom.r6": {
    "sounds": [
      "custom/r6"
    ]
  },
  "custom.earthquake": {
    "sounds": [
      "custom/earthquake"
    ]
  },
  "custom.mech": {
    "sounds": [
      "custom/mech"
    ]
  },
  "custom.alarm": {
    "sounds": [
      "custom/alarm"
    ]
  },
  "custom.fora_ost": {
    "sounds": [
      "custom/fora_ost"
    ]
  },
  "custom.fight": {
    "sounds": [
      "custom/fight"
    ]
  },
  "custom.history": {
    "sounds": [
      "custom/history"
    ]
  },
  "custom.history2": {
    "sounds": [
      "custom/history2"
    ]
  },
  "custom.history3": {
    "sounds": [
      "custom/history3"
    ]
  },
  "custom.history4": {
    "sounds": [
      "custom/history4"
    ]
  },
  "custom.letsgo": {
    "sounds": [
      "custom/letsgo"
    ]
  },
  "custom.mistaryes": {
    "sounds": [
      "custom/mistaryes"
    ]
  },
  "custom.sad": {
    "sounds": [
      "custom/sad"
    ]
  },
  "custom.scared": {
    "sounds": [
      "custom/scared"
    ]
  },
  "custom.boom": {
    "sounds": [
      "custom/boom"
    ]
  },
  "custom.boombruh": {
    "sounds": [
      "custom/boombruh"
    ]
  },
  "custom.ethir_ha": {
    "sounds": [
      "custom/ethir_ha"
    ]
  },
  "custom.ethir_ost": {
    "sounds": [
      "custom/ethir_ost"
    ]
  },
  "custom.ethirs_game": {
    "sounds": [
      "custom/ethirs_game"
    ]
  },
  "custom.glamour": {
    "sounds": [
      "custom/glamour"
    ]
  },
  "custom.haha": {
    "sounds": [
      "custom/haha"
    ]
  },
  "custom.its_tv_time": {
    "sounds": [
      "custom/its_tv_time"
    ]
  },
  "custom.laugh": {
    "sounds": [
      "custom/laugh"
    ]
  },
  "custom.mimi": {
    "sounds": [
      "custom/mimi"
    ]
  },
  "custom.ohno": {
    "sounds": [
      "custom/ohno"
    ]
  },
  "custom.ow": {
    "sounds": [
      "custom/ow"
    ]
  },
  "custom.slap": {
    "sounds": [
      "custom/slap"
    ]
  },
  "custom.what": {
    "sounds": [
      "custom/what"
    ]
  },
  "custom.wow": {
    "sounds": [
      "custom/wow"
    ]
  },
  "custom.bulletauto": {
    "sounds": [
      "custom/bulletauto"
    ]
  },
  "custom.reloadbullet": {
    "sounds": [
      "custom/reloadbullet"
    ]
  },
  "custom.flashbang": {
    "sounds": [
      "custom/flashbang"
    ]
  },
  "custom.theworld": {
    "sounds": [
      "custom/theworld"
    ]
  },
  "custom.nuclear": {
    "sounds": [
      "custom/nuclear"
    ]
  },
  "custom.generator": {
    "sounds": [
      "custom/generator"
    ]
  },
  "custom.mist": {
    "sounds": [
      "custom/mist"
    ]
  },
  "custom.diskoe": {
    "sounds": [
      "custom/diskoe"
    ]
  },
  "custom.disko": {
    "sounds": [
      "custom/disko"
    ]
  },
  "custom.deserters": {
    "sounds": [
      "custom/deserters"
    ]
  },
  "custom.gorgeous": {
    "sounds": [
      "custom/gorgeous"
    ]
  },
  "custom.shaman": {
    "sounds": [
      "custom/shaman"
    ]
  },
  "custom.quiz2": {
    "sounds": [
      "custom/quiz2"
    ]
  },
  "custom.seek4": {
    "sounds": [
      "custom/seek4"
    ]
  },
  "custom.seek": {
    "sounds": [
      "custom/seek"
    ]
  },
  "custom.seek2": {
    "sounds": [
      "custom/seek2"
    ]
  },
  "custom.paradox": {
    "sounds": [
      "custom/paradox"
    ]
  },
  "custom.quiz": {
    "sounds": [
      "custom/quiz"
    ]
  },
  "custom.seek3": {
    "sounds": [
      "custom/seek3"
    ]
  },
  "custom.neko": {
    "sounds": [
      "custom/neko"
    ]
  }
}