{
    "providers": [
        {
            "type": "bitmap",
            "file": "minecraft:font/logo.png",
            "ascent": 50,
            "height": 100,
            "chars": [
                "\u0102"
            ]
        },
        {
            "type": "bitmap",
            "file": "minecraft:font/ma.png",
            "ascent": 25,
            "height": 25,
            "chars": [
                "\u00C5"
            ]
        },
        {
            "type": "bitmap",
            "file": "minecraft:font/ma2.png",
            "ascent": 25,
            "height": 25,
            "chars": [
                "\u00C7"
            ]
        },
        {
            "type": "bitmap",
            "file": "minecraft:font/ma3.png",
            "ascent": 25,
            "height": 25,
            "chars": [
                "\u00D1"
            ]
        },
        {
            "type": "bitmap",
            "file": "minecraft:font/ethirchat.png",
            "ascent": 15,
            "height": 15,
            "chars": [
                "\u00C6"
            ]
        },
        {
            "type": "bitmap",
            "file": "minecraft:font/loser.png",
            "ascent": 25,
            "height": 25,
            "chars": [
                "\u00C8"
            ]
        },
        {
            "type": "bitmap",
            "file": "minecraft:font/revolver.png",
            "ascent": 15,
            "height": 15,
            "chars": [
                "\u00C9"
            ]
        },
        {
            "type": "bitmap",
            "file": "minecraft:font/alhcato.png",
            "ascent": 25,
            "height": 25,
            "chars": [
                "\u00D8"
            ]
        }
    ]
}